club_name,category,year,source_url,notes
中部地區校友會,綜合性社團,114,https://osa.nycu.edu.tw/osa/ch/app/data/list?module=nycu0101&id=3497,光復校區；英文名 Central Region Alumni Association
醫學系學生會,學生自治組織,114,https://osa.nycu.edu.tw/osa/ch/app/data/list?module=nycu0101&id=3497,陽明校區
日出電影社,學藝性社團,114,https://osa.nycu.edu.tw/osa/ch/app/data/list?module=nycu0101&id=3497,陽明校區
國立陽明交通大學棒球社,體能性社團,114,https://osa.nycu.edu.tw/osa/ch/app/data/list?module=nycu0101&id=3497,陽明校區；英文名 NYCU Baseball Club
陽明軟式網球社,體能性社團,114,https://osa.nycu.edu.tw/osa/ch/app/data/list?module=nycu0101&id=3497,陽明校區；英文名 soft tennis club
陽明劍道社,體能性社團,114,https://osa.nycu.edu.tw/osa/ch/app/data/list?module=nycu0101&id=3497,陽明校區；英文名 NYCU Kedo Club
國立陽明交通大學皮藝社,學藝性社團,114,https://osa.nycu.edu.tw/osa/ch/app/data/list?module=nycu0101&id=3497,陽明校區；英文名 NYCU Leathercraft
調酒文化研究社,學藝性社團,114,https://osa.nycu.edu.tw/osa/ch/app/data/list?module=nycu0101&id=3497,陽明校區
羊大隨彩社,學藝性社團,114,https://osa.nycu.edu.tw/osa/ch/app/data/list?module=nycu0101&id=3497,陽明校區；英文名 Painting Club
陽明合唱團,學藝性社團,114,https://osa.nycu.edu.tw/osa/ch/app/data/list?module=nycu0101&id=3497,陽明校區
陽明攝影社,學藝性社團,114,https://osa.nycu.edu.tw/osa/ch/app/data/list?module=nycu0101&id=3497,陽明校區；英文名 NYCU Photography Club
民族舞蹈社,康樂性社團,114,https://osa.nycu.edu.tw/osa/ch/app/data/list?module=nycu0101&id=3497,陽明校區；英文名 YMFD
圍棋社,康樂性社團,114,https://osa.nycu.edu.tw/osa/ch/app/data/list?module=nycu0101&id=3497,陽明校區
陽明魔術社,康樂性社團,114,https://osa.nycu.edu.tw/osa/ch/app/data/list?module=nycu0101&id=3497,陽明校區；英文名 The Illusionatti Club
勵青社,服務性社團,114,https://osa.nycu.edu.tw/osa/ch/app/data/list?module=nycu0101&id=3497,陽明校區；英文名 IF Club
十字軍社,服務性社團,114,https://osa.nycu.edu.tw/osa/ch/app/data/list?module=nycu0101&id=3497,陽明校區
關懷生命社,服務性社團,114,https://osa.nycu.edu.tw/osa/ch/app/data/list?module=nycu0101&id=3497,陽明校區；英文名 Life Care Club
陽明交通大學青少年幼兒服務社,服務性社團,114,https://osa.nycu.edu.tw/osa/ch/app/data/list?module=nycu0101&id=3497,陽明校區；英文名 National Yang Ming Chiao Tung chingeuo club
生物醫學影像暨放射科學系學生會,學生自治組織,114,https://osa.nycu.edu.tw/osa/ch/app/data/list?module=nycu0101&id=3497,陽明校區
交通分會,學生會,114,https://osa.nycu.edu.tw/osa/ch/app/data/list?module=nycu0101&id=3497,光復校區
慈濟青年社,服務性社團,114,https://osa.nycu.edu.tw/osa/ch/app/data/list?module=nycu0101&id=3497,光復校區；英文名 Tzu Chi Youth Club
汪汪社,服務性社團,114,https://osa.nycu.edu.tw/osa/ch/app/data/list?module=nycu0101&id=3497,光復校區；英文名 Wan-Wan Club
Smrangi山福團,服務性社團,114,https://osa.nycu.edu.tw/osa/ch/app/data/list?module=nycu0101&id=3497,光復校區；英文名 Smrangi SanFu Club
崇德青年志工社,服務性社團,114,https://osa.nycu.edu.tw/osa/ch/app/data/list?module=nycu0101&id=3497,光復校區；英文名 C.D. Youth Volunteers Club
學園團契社,服務性社團,114,https://osa.nycu.edu.tw/osa/ch/app/data/list?module=nycu0101&id=3497,光復校區；英文名 Campus Crusade for Christ Club
福智青年社,學術性社團,114,https://osa.nycu.edu.tw/osa/ch/app/data/list?module=nycu0101&id=3497,光復校區；英文名 Bliss &amp; Wisdom Youth Club
鐵道研究會,學術性社團,114,https://osa.nycu.edu.tw/osa/ch/app/data/list?module=nycu0101&id=3497,光復校區；英文名 Rail Institute
天文研究社,學術性社團,114,https://osa.nycu.edu.tw/osa/ch/app/data/list?module=nycu0101&id=3497,光復校區；英文名 Astronomy Club
青年領袖社,學術性社團,114,https://osa.nycu.edu.tw/osa/ch/app/data/list?module=nycu0101&id=3497,光復校區；英文名 Leadership Club
柏克萊學生團契,學術性社團,114,https://osa.nycu.edu.tw/osa/ch/app/data/list?module=nycu0101&id=3497,光復校區；英文名 Koinonia
創新創業社,學術性社團,114,https://osa.nycu.edu.tw/osa/ch/app/data/list?module=nycu0101&id=3497,光復校區；英文名 Innovation and Entrepreneurship Club
網路安全策進會,學術性社團,114,https://osa.nycu.edu.tw/osa/ch/app/data/list?module=nycu0101&id=3497,光復校區；英文名 Cyber Security Club
夢想方程式,學術性社團,114,https://osa.nycu.edu.tw/osa/ch/app/data/list?module=nycu0101&id=3497,光復校區；英文名 Dream Life Club
中智佛學社,學術性社團,114,https://osa.nycu.edu.tw/osa/ch/app/data/list?module=nycu0101&id=3497,光復校區；英文名 Middle Way Wisdom Club
投資理財社,學術性社團,114,https://osa.nycu.edu.tw/osa/ch/app/data/list?module=nycu0101&id=3497,光復校區；英文名 Investment Club
ESG永續前瞻社,學術性社團,114,https://osa.nycu.edu.tw/osa/ch/app/data/list?module=nycu0101&id=3497,光復校區；英文名 ESG Sustainable Prospect Club
交大信望愛社,學術性社團,114,https://osa.nycu.edu.tw/osa/ch/app/data/list?module=nycu0101&id=3497,光復校區；英文名 Faith Hope Love Club
聖經研習社,學術性社團,114,https://osa.nycu.edu.tw/osa/ch/app/data/list?module=nycu0101&id=3497,光復校區；英文名 Bible Studying Club
交通分會學生議會,學生會,114,https://osa.nycu.edu.tw/osa/ch/app/data/list?module=nycu0101&id=3497,光復校區
舞臺效果藝術社,學藝性社團,114,https://osa.nycu.edu.tw/osa/ch/app/data/list?module=nycu0101&id=3497,陽明校區；英文名 Stage Lighting Effects Art Club
火舞社,康樂性社團,114,https://osa.nycu.edu.tw/osa/ch/app/data/list?module=nycu0101&id=3497,光復校區；英文名 Fire Dance Club
硬式網球社,體能性社團,114,https://osa.nycu.edu.tw/osa/ch/app/data/list?module=nycu0101&id=3497,陽明校區
陽明熱舞社,康樂性社團,114,https://osa.nycu.edu.tw/osa/ch/app/data/list?module=nycu0101&id=3497,陽明校區；英文名 YMPD
生命科學系系學會,學生自治組織,114,https://osa.nycu.edu.tw/osa/ch/app/data/list?module=nycu0101&id=3497,陽明校區；英文名 YMLS
陽明校區師大附中校友會,綜合性社團,114,https://osa.nycu.edu.tw/osa/ch/app/data/list?module=nycu0101&id=3497,陽明校區
牙醫學系系學會,學生自治組織,114,https://osa.nycu.edu.tw/osa/ch/app/data/list?module=nycu0101&id=3497,陽明校區；英文名 NYCUDSA
護理學系系學會,學生自治組織,114,https://osa.nycu.edu.tw/osa/ch/app/data/list?module=nycu0101&id=3497,陽明校區；英文名 NYCU Nursing Student Association
陽明瑜珈社,體能性社團,114,https://osa.nycu.edu.tw/osa/ch/app/data/list?module=nycu0101&id=3497,陽明校區；英文名 Yang-Ming Yoga Club
鋼琴社(陽明校區),學藝性社團,114,https://osa.nycu.edu.tw/osa/ch/app/data/list?module=nycu0101&id=3497,陽明校區；英文名 NYCU Piano Club (Yang Ming)
愛呀，你好！社,服務性社團,114,https://osa.nycu.edu.tw/osa/ch/app/data/list?module=nycu0101&id=3497,"陽明校區；英文名 Hello, Love Club"
烘焙研究社,學藝性社團,114,https://osa.nycu.edu.tw/osa/ch/app/data/list?module=nycu0101&id=3497,陽明校區；英文名 Baking Club
游泳社,體能性社團,114,https://osa.nycu.edu.tw/osa/ch/app/data/list?module=nycu0101&id=3497,陽明校區；英文名 National Yang-Ming Chiao-Tung University Swimming Club
陽明信望愛社,學術性社團,114,https://osa.nycu.edu.tw/osa/ch/app/data/list?module=nycu0101&id=3497,陽明校區；英文名 Yang Ming Faith Hope Love Club
詩歌真理社,學術性社團,114,https://osa.nycu.edu.tw/osa/ch/app/data/list?module=nycu0101&id=3497,陽明校區；英文名 Hymn&amp;truth
國立陽明交通大學青年領袖社（陽明校區）,學術性社團,114,https://osa.nycu.edu.tw/osa/ch/app/data/list?module=nycu0101&id=3497,陽明校區；英文名 National Yang Ming Chao Tong University Leadership Education Club
愛杏管弦樂團,學藝性社團,114,https://osa.nycu.edu.tw/osa/ch/app/data/list?module=nycu0101&id=3497,陽明校區；英文名 Aising Orchestra
陽明吉他社,學藝性社團,114,https://osa.nycu.edu.tw/osa/ch/app/data/list?module=nycu0101&id=3497,陽明校區；英文名 Yang Ming Guitar Club
咸池國樂社,學藝性社團,114,https://osa.nycu.edu.tw/osa/ch/app/data/list?module=nycu0101&id=3497,陽明校區；英文名 YM Chinese Orchestra
國立陽明交通大學射箭社(陽明分部),體能性社團,114,https://osa.nycu.edu.tw/osa/ch/app/data/list?module=nycu0101&id=3497,陽明校區；英文名 National Yang Ming Chiao Tung University Archery Club(Yang Ming Archery Club)
學生會,學生會,114,https://osa.nycu.edu.tw/osa/ch/app/data/list?module=nycu0101&id=3497,光復校區
陽明分會學生議會,學生會,114,https://osa.nycu.edu.tw/osa/ch/app/data/list?module=nycu0101&id=3497,陽明校區
蛋糕社,學藝性社團,114,https://osa.nycu.edu.tw/osa/ch/app/data/list?module=nycu0101&id=3497,光復校區
女桌社,體能性社團,114,https://osa.nycu.edu.tw/osa/ch/app/data/list?module=nycu0101&id=3497,光復校區
電子競技社,體能性社團,114,https://osa.nycu.edu.tw/osa/ch/app/data/list?module=nycu0101&id=3497,光復校區
滑板社,體能性社團,114,https://osa.nycu.edu.tw/osa/ch/app/data/list?module=nycu0101&id=3497,光復校區
高雄屏東校友會,綜合性社團,114,https://osa.nycu.edu.tw/osa/ch/app/data/list?module=nycu0101&id=3497,光復校區
轉學生聯誼會,綜合性社團,114,https://osa.nycu.edu.tw/osa/ch/app/data/list?module=nycu0101&id=3497,光復校區
虛擬偶像社,學藝性社團,114,https://osa.nycu.edu.tw/osa/ch/app/data/list?module=nycu0101&id=3497,光復校區；英文名 VTuber Club
交大圍棋社,康樂性社團,114,https://osa.nycu.edu.tw/osa/ch/app/data/list?module=nycu0101&id=3497,光復校區；英文名 Go Club
魔術方塊社,學藝性社團,114,https://osa.nycu.edu.tw/osa/ch/app/data/list?module=nycu0101&id=3497,光復校區；英文名 Rubik&#39;s Cube Club
國際大使團112,綜合性社團,114,https://osa.nycu.edu.tw/osa/ch/app/data/list?module=nycu0101&id=3497,陽明校區；英文名 International Student Ambassador Group (ISAG)
嘉義雲林校友會,綜合性社團,114,https://osa.nycu.edu.tw/osa/ch/app/data/list?module=nycu0101&id=3497,光復校區
桃園地區友好會,綜合性社團,114,https://osa.nycu.edu.tw/osa/ch/app/data/list?module=nycu0101&id=3497,光復校區
附中山校友會,綜合性社團,114,https://osa.nycu.edu.tw/osa/ch/app/data/list?module=nycu0101&id=3497,光復校區
管樂團,音樂戲劇性社團,114,https://osa.nycu.edu.tw/osa/ch/app/data/list?module=nycu0101&id=3497,光復校區
劍道社(交大校區),體能性社團,114,https://osa.nycu.edu.tw/osa/ch/app/data/list?module=nycu0101&id=3497,光復校區
單車社,體能性社團,114,https://osa.nycu.edu.tw/osa/ch/app/data/list?module=nycu0101&id=3497,光復校區
撞球社,體能性社團,114,https://osa.nycu.edu.tw/osa/ch/app/data/list?module=nycu0101&id=3497,光復校區
跆拳社(交大校區),體能性社團,114,https://osa.nycu.edu.tw/osa/ch/app/data/list?module=nycu0101&id=3497,光復校區
達磨禪學社,學藝性社團,114,https://osa.nycu.edu.tw/osa/ch/app/data/list?module=nycu0101&id=3497,光復校區
美術社,學藝性社團,114,https://osa.nycu.edu.tw/osa/ch/app/data/list?module=nycu0101&id=3497,光復校區
藝趣節團隊,學藝性社團,114,https://osa.nycu.edu.tw/osa/ch/app/data/list?module=nycu0101&id=3497,光復校區
飲料調製社,學藝性社團,114,https://osa.nycu.edu.tw/osa/ch/app/data/list?module=nycu0101&id=3497,光復校區
桌上遊戲社(交大校區),康樂性社團,114,https://osa.nycu.edu.tw/osa/ch/app/data/list?module=nycu0101&id=3497,光復校區
赤狐魔術社,康樂性社團,114,https://osa.nycu.edu.tw/osa/ch/app/data/list?module=nycu0101&id=3497,光復校區
交大熱舞社,康樂性社團,114,https://osa.nycu.edu.tw/osa/ch/app/data/list?module=nycu0101&id=3497,光復校區
機械工程學系學生會,學生自治組織,114,https://osa.nycu.edu.tw/osa/ch/app/data/list?module=nycu0101&id=3497,光復校區
青年⽅程式賽⾞隊,任務性社團,114,https://osa.nycu.edu.tw/osa/ch/app/data/list?module=nycu0101&id=3497,光復校區
東南亞國際志工團,任務性社團,114,https://osa.nycu.edu.tw/osa/ch/app/data/list?module=nycu0101&id=3497,光復校區
印度國際志工團,任務性社團,114,https://osa.nycu.edu.tw/osa/ch/app/data/list?module=nycu0101&id=3497,光復校區
科技教育研討社,任務性社團,114,https://osa.nycu.edu.tw/osa/ch/app/data/list?module=nycu0101&id=3497,光復校區
伊斯蘭學生社,任務性社團,114,https://osa.nycu.edu.tw/osa/ch/app/data/list?module=nycu0101&id=3497,光復校區
程式競賽社,任務性社團,114,https://osa.nycu.edu.tw/osa/ch/app/data/list?module=nycu0101&id=3497,光復校區
國際學生協會,任務性社團,114,https://osa.nycu.edu.tw/osa/ch/app/data/list?module=nycu0101&id=3497,光復校區
梅竹後援會,任務性社團,114,https://osa.nycu.edu.tw/osa/ch/app/data/list?module=nycu0101&id=3497,光復校區
僑生聯誼會交大分會,任務性社團,114,https://osa.nycu.edu.tw/osa/ch/app/data/list?module=nycu0101&id=3497,光復校區
社會與文化研究所學生會,學生自治組織,114,https://osa.nycu.edu.tw/osa/ch/app/data/list?module=nycu0101&id=3497,光復校區
傳播研究所學生會,學生自治組織,114,https://osa.nycu.edu.tw/osa/ch/app/data/list?module=nycu0101&id=3497,光復校區
族群與文化研究所學生會,學生自治組織,114,https://osa.nycu.edu.tw/osa/ch/app/data/list?module=nycu0101&id=3497,光復校區
管理科學研究所學生會,學生自治組織,114,https://osa.nycu.edu.tw/osa/ch/app/data/list?module=nycu0101&id=3497,光復校區
光電工程學系學生會,學生自治組織,114,https://osa.nycu.edu.tw/osa/ch/app/data/list?module=nycu0101&id=3497,光復校區
傳播與科技學系學生會,學生自治組織,114,https://osa.nycu.edu.tw/osa/ch/app/data/list?module=nycu0101&id=3497,光復校區
人文社會學系學生會,學生自治組織,114,https://osa.nycu.edu.tw/osa/ch/app/data/list?module=nycu0101&id=3497,光復校區
資訊管理與財務金融學系學生會,學生自治組織,114,https://osa.nycu.edu.tw/osa/ch/app/data/list?module=nycu0101&id=3497,光復校區
運輸與物流管理學系學生會,學生自治組織,114,https://osa.nycu.edu.tw/osa/ch/app/data/list?module=nycu0101&id=3497,光復校區
生物科技學系學生會,學生自治組織,114,https://osa.nycu.edu.tw/osa/ch/app/data/list?module=nycu0101&id=3497,光復校區
材料科學與工程學系學生會,學生自治組織,114,https://osa.nycu.edu.tw/osa/ch/app/data/list?module=nycu0101&id=3497,光復校區
外國語文學系學生會,學生自治組織,114,https://osa.nycu.edu.tw/osa/ch/app/data/list?module=nycu0101&id=3497,光復校區
應用化學系學生會,學生自治組織,114,https://osa.nycu.edu.tw/osa/ch/app/data/list?module=nycu0101&id=3497,光復校區
工業工程與管理學系學生會,學生自治組織,114,https://osa.nycu.edu.tw/osa/ch/app/data/list?module=nycu0101&id=3497,光復校區
土木工程學系學生會,學生自治組織,114,https://osa.nycu.edu.tw/osa/ch/app/data/list?module=nycu0101&id=3497,光復校區
電子物理學系學生會,學生自治組織,114,https://osa.nycu.edu.tw/osa/ch/app/data/list?module=nycu0101&id=3497,光復校區
應用數學系學生會,學生自治組織,114,https://osa.nycu.edu.tw/osa/ch/app/data/list?module=nycu0101&id=3497,光復校區
管理科學系學生會,學生自治組織,114,https://osa.nycu.edu.tw/osa/ch/app/data/list?module=nycu0101&id=3497,光復校區
電機工程學系學生會,學生自治組織,114,https://osa.nycu.edu.tw/osa/ch/app/data/list?module=nycu0101&id=3497,光復校區
資訊工程學系學生會,學生自治組織,114,https://osa.nycu.edu.tw/osa/ch/app/data/list?module=nycu0101&id=3497,光復校區
書法社,學藝性社團,114,https://osa.nycu.edu.tw/osa/ch/app/data/list?module=nycu0101&id=3497,光復校區
創客俱樂部,學藝性社團,114,https://osa.nycu.edu.tw/osa/ch/app/data/list?module=nycu0101&id=3497,光復校區
咖啡社,學藝性社團,114,https://osa.nycu.edu.tw/osa/ch/app/data/list?module=nycu0101&id=3497,光復校區
漫畫社,學藝性社團,114,https://osa.nycu.edu.tw/osa/ch/app/data/list?module=nycu0101&id=3497,光復校區
動畫社,學藝性社團,114,https://osa.nycu.edu.tw/osa/ch/app/data/list?module=nycu0101&id=3497,光復校區
陶藝社,學藝性社團,114,https://osa.nycu.edu.tw/osa/ch/app/data/list?module=nycu0101&id=3497,光復校區
交大攝影社,學藝性社團,114,https://osa.nycu.edu.tw/osa/ch/app/data/list?module=nycu0101&id=3497,光復校區
競技啦啦隊,體能性社團,114,https://osa.nycu.edu.tw/osa/ch/app/data/list?module=nycu0101&id=3497,光復校區
跑酷社,體能性社團,114,https://osa.nycu.edu.tw/osa/ch/app/data/list?module=nycu0101&id=3497,光復校區
交大瑜珈社,體能性社團,114,https://osa.nycu.edu.tw/osa/ch/app/data/list?module=nycu0101&id=3497,光復校區
散打搏擊社,體能性社團,114,https://osa.nycu.edu.tw/osa/ch/app/data/list?module=nycu0101&id=3497,光復校區
羽球社,體能性社團,114,https://osa.nycu.edu.tw/osa/ch/app/data/list?module=nycu0101&id=3497,光復校區
射箭社,體能性社團,114,https://osa.nycu.edu.tw/osa/ch/app/data/list?module=nycu0101&id=3497,光復校區
嘻哈文化研究社,音樂戲劇性社團,114,https://osa.nycu.edu.tw/osa/ch/app/data/list?module=nycu0101&id=3497,光復校區
唱片騎師社,音樂戲劇性社團,114,https://osa.nycu.edu.tw/osa/ch/app/data/list?module=nycu0101&id=3497,光復校區
管弦樂團,音樂戲劇性社團,114,https://osa.nycu.edu.tw/osa/ch/app/data/list?module=nycu0101&id=3497,光復校區
烏克麗麗社,音樂戲劇性社團,114,https://osa.nycu.edu.tw/osa/ch/app/data/list?module=nycu0101&id=3497,光復校區
數位音樂創作社,音樂戲劇性社團,114,https://osa.nycu.edu.tw/osa/ch/app/data/list?module=nycu0101&id=3497,光復校區
風城吉他社,音樂戲劇性社團,114,https://osa.nycu.edu.tw/osa/ch/app/data/list?module=nycu0101&id=3497,光復校區
星聲社,音樂戲劇性社團,114,https://osa.nycu.edu.tw/osa/ch/app/data/list?module=nycu0101&id=3497,光復校區
國樂社,音樂戲劇性社團,114,https://osa.nycu.edu.tw/osa/ch/app/data/list?module=nycu0101&id=3497,光復校區
友聲合唱團,音樂戲劇性社團,114,https://osa.nycu.edu.tw/osa/ch/app/data/list?module=nycu0101&id=3497,光復校區
布袋戲社,音樂戲劇性社團,114,https://osa.nycu.edu.tw/osa/ch/app/data/list?module=nycu0101&id=3497,光復校區
臺南地區校友會,綜合性社團,114,https://osa.nycu.edu.tw/osa/ch/app/data/list?module=nycu0101&id=3497,光復校區
北區校友會,綜合性社團,114,https://osa.nycu.edu.tw/osa/ch/app/data/list?module=nycu0101&id=3497,光復校區
陸生聯誼會,任務性社團,114,https://osa.nycu.edu.tw/osa/ch/app/data/list?module=nycu0101&id=3497,光復校區
越南學生協會,任務性社團,114,https://osa.nycu.edu.tw/osa/ch/app/data/list?module=nycu0101&id=3497,光復校區
鋼琴社（交大校區）,音樂戲劇性社團,114,https://osa.nycu.edu.tw/osa/ch/app/data/list?module=nycu0101&id=3497,光復校區
壘球社,體能性社團,114,https://osa.nycu.edu.tw/osa/ch/app/data/list?module=nycu0101&id=3497,光復校區；英文名 Softball Club
音樂遊戲社,康樂性社團,114,https://osa.nycu.edu.tw/osa/ch/app/data/list?module=nycu0101&id=3497,光復校區
象棋社,康樂性社團,114,https://osa.nycu.edu.tw/osa/ch/app/data/list?module=nycu0101&id=3497,光復校區
橋藝社(交大校區),康樂性社團,114,https://osa.nycu.edu.tw/osa/ch/app/data/list?module=nycu0101&id=3497,光復校區
中國傳統醫學研究社,學術性社團,114,https://osa.nycu.edu.tw/osa/ch/app/data/list?module=nycu0101&id=3497,陽明校區
粵語文化研究社,學術性社團,114,https://osa.nycu.edu.tw/osa/ch/app/data/list?module=nycu0101&id=3497,陽明校區
口琴社,學藝性社團,114,https://osa.nycu.edu.tw/osa/ch/app/data/list?module=nycu0101&id=3497,陽明校區
熱門音樂社,學藝性社團,114,https://osa.nycu.edu.tw/osa/ch/app/data/list?module=nycu0101&id=3497,陽明校區；英文名 Rock music club
登山社,體能性社團,114,https://osa.nycu.edu.tw/osa/ch/app/data/list?module=nycu0101&id=3497,陽明校區
健身社,體能性社團,114,https://osa.nycu.edu.tw/osa/ch/app/data/list?module=nycu0101&id=3497,陽明校區
生物醫學工程學系學生會,學生自治組織,114,https://osa.nycu.edu.tw/osa/ch/app/data/list?module=nycu0101&id=3497,陽明校區
物理治療暨輔助科技學系系學會,學生自治組織,114,https://osa.nycu.edu.tw/osa/ch/app/data/list?module=nycu0101&id=3497,陽明校區
醫學生物技術暨檢驗學系學生會,學生自治組織,114,https://osa.nycu.edu.tw/osa/ch/app/data/list?module=nycu0101&id=3497,陽明校區
藥學系系學會,學生自治組織,114,https://osa.nycu.edu.tw/osa/ch/app/data/list?module=nycu0101&id=3497,陽明校區
陽明分會,學生會,114,https://osa.nycu.edu.tw/osa/ch/app/data/list?module=nycu0101&id=3497,陽明校區
陽明分會選務委員會,學生會,114,https://osa.nycu.edu.tw/osa/ch/app/data/list?module=nycu0101&id=3497,陽明校區
陽明分會研究所代表大會,學生會,114,https://osa.nycu.edu.tw/osa/ch/app/data/list?module=nycu0101&id=3497,陽明校區
交通分會選舉委員會,學生會,114,https://osa.nycu.edu.tw/osa/ch/app/data/list?module=nycu0101&id=3497,光復校區
